City,Country,Continent,Latitude,Longitude
Tucson,United States,North America,32.2228765,-110.9748477
San Jose,Costa Rica,Lain America,9.9325427,-84.0795782
Miami,United States,North America,25.7741728,-80.19362
Nizhny Novgorod,Russia,Europe,56.3264816,44.0051395
Rotterdam,Netherlands,Europe,51.9244424,4.47775
San Francisco,United States,North America,37.7790262,-122.419906
Canberra,Australia,Oceania,-35.2975906,149.1012676
Tirana,Albania,Europe,41.3281482,19.8184435
Sharjah,United Arab Emirates,Asia,25.3575436,55.3882729
Munich,Germany,Europe,48.1371079,11.5753822
Riga,Latvia,Europe,56.9493977,24.1051846
Dublin,Ireland,Europe,53.3497645,-6.2602732
Ottawa,Canada,North America,45.4211435,-75.6900574
Tallinn,Estonia,Europe,59.4372155,24.7453688
Prague,Czech Republic,Europe,50.0596288,14.446459273258009
Varna,Bulgaria,Europe,43.2073873,27.9166653
Reno,United States,North America,39.5261206,-119.8126581
Odessa (Odesa),Ukraine,Europe,46.4843023,30.7322878
Johannesburg,South Africa,Africa,-26.205,28.049722
Albuquerque,United States,North America,35.0841034,-106.650985
Dusseldorf,Germany,Europe,51.2254018,6.7763137
Yekaterinburg,Russia,Europe,56.839104,60.60825
Moscow,Russia,Europe,55.7504461,37.6174943
Kelowna,Canada,North America,49.8879177,-119.4959025
Casablanca,Morocco,Africa,33.5675527,-7.618756606822727
Iasi,Romania,Europe,47.1615341,27.5836142
Dnipro,Ukraine,Europe,48.4680221,35.0417711
Hamburg,Germany,Europe,53.550341,10.000654
Recife,Brazil,Lain America,-8.0584933,-34.8848193
Kuwait City,Kuwait,Asia,29.3797091,47.9735629
Davao,Philippines,Asia,7.0645451,125.6084371
Boston,United States,North America,42.3602534,-71.0582912
Toronto,Canada,North America,43.6534817,-79.3839347
Belgrade,Serbia,Europe,44.8178131,20.4568974
Las Vegas,United States,North America,36.1672559,-115.148516
Calgary,Canada,North America,51.0460954,-114.065465
Reykjavik,Iceland,Europe,64.145981,-21.9422367
Sofia,Bulgaria,Europe,42.6978634,23.3221789
Saint Petersburg,Russia,Europe,59.938732,30.316229
Genoa,Italy,Europe,44.40726,8.9338624
Orlando,United States,North America,28.5421109,-81.3790304
Melbourne,Australia,Oceania,-37.8142176,144.9631608
Bangkok,Thailand,Asia,13.7525438,100.4934734
Cambridge,United Kingdom,Europe,52.2055314,0.1186637
Pretoria,South Africa,Africa,-25.7459277,28.1879101
Barcelona,Spain,Europe,41.3828939,2.1774322
Florianopolis,Brazil,Lain America,-27.5973002,-48.5496098
Limassol,Cyprus,Asia,34.6852901,33.0332657
Rome,Italy,Europe,41.8933203,12.4829321
Winnipeg,Canada,North America,49.8955367,-97.1384584
Eindhoven,Netherlands,Europe,51.4392648,5.478633
Jeddah (Jiddah),Saudi Arabia,Asia,21.483715949999997,39.17290852271105
Liverpool,United Kingdom,Europe,53.4071991,-2.99168
Brno,Czech Republic,Europe,49.1922443,16.6113382
Richmond,United States,North America,37.5385087,-77.43428
Panama City,Panama,Lain America,30.1600827,-85.6545729
Split,Croatia,Europe,43.5116383,16.4399659
Zurich,Switzerland,Europe,47.3744489,8.5410422
Dhaka,Bangladesh,Asia,23.7861979,90.4026151
Leeds,United Kingdom,Europe,53.7974185,-1.5437941
Kharkiv,Ukraine,Europe,49.9923181,36.2310146
Thessaloniki,Greece,Europe,40.6403167,22.9352716
Frankfurt,Germany,Europe,50.1106444,8.6820917
Bangalore,India,Asia,12.9767936,77.590082
Oslo,Norway,Europe,59.9133301,10.7389701
Minneapolis,United States,North America,44.9772995,-93.2654692
Edinburgh,United Kingdom,Europe,55.9533456,-3.1883749
Lima,Peru,Lain America,-12.0621065,-77.0365256
Bologna,Italy,Europe,44.4938203,11.3426327
Amman,Jordan,Asia,31.9515694,35.9239625
Medellin,Colombia,Lain America,6.2443382,-75.573553
Jacksonville,United States,North America,30.3321838,-81.655651
The Hague (Den Haag),Netherlands,Europe,52.0799838,4.3113461
Porto Alegre,Brazil,Lain America,-30.0324999,-51.2303767
Luxembourg,Luxembourg,Europe,49.6112768,6.129799
Montreal,Canada,North America,45.5031824,-73.5698065
Basel,Switzerland,Europe,47.5581077,7.5878261
Islamabad,Pakistan,Asia,33.6938118,73.0651511
Geneva,Switzerland,Europe,46.2017559,6.1466014
Los Angeles,United States,North America,34.0536909,-118.242766
Helsinki,Finland,Europe,60.1674881,24.9427473
Portland,United States,North America,45.5202471,-122.6741949
Regina,Canada,North America,50.44876,-104.61731
Chisinau,Moldova,Europe,47.0245117,28.8322923
Copenhagen,Denmark,Europe,55.6867243,12.5700724
Lagos,Nigeria,Africa,6.4550575,3.3941795
Lodz,Poland,Europe,51.7687323,19.4569911
Nicosia,Cyprus,Asia,35.1748976,33.3638568
Riyadh,Saudi Arabia,Asia,24.638916,46.7160104
Wellington,New Zealand,Oceania,-41.2887953,174.7772114
San Jose,United States,North America,37.3361905,-121.890583
Manchester,United Kingdom,Europe,53.4794892,-2.2451148
Dubai,United Arab Emirates,Asia,25.2653471,55.2924914
Phoenix,United States,North America,33.4484367,-112.074141
Porto,Portugal,Europe,41.1494512,-8.6107884
Beijing,China,Asia,39.906217,116.3912757
Paris,France,Europe,48.8588897,2.3200410217200766
Edmonton,Canada,North America,53.535411,-113.507996
Austin,United States,North America,30.2711286,-97.7436995
Izmir,Turkey,Asia,38.4224548,27.1310699
Graz,Austria,Europe,47.0708678,15.4382786
Kansas City,United States,North America,39.100105,-94.5781416
Manama,Bahrain,Asia,26.2235041,50.5822436
Kiev (Kyiv),Ukraine,Europe,50.4485578,30.52716228586082
Stuttgart,Germany,Europe,48.7784485,9.1800132
Chennai,India,Asia,13.0836939,80.270186
Perth,Australia,Oceania,-31.9558964,115.8605801
Kolkata,India,Asia,22.5414185,88.35769124388872
Gurgaon,India,Asia,28.42826235,77.00270014657752
Bursa,Turkey,Asia,40.1827657,29.0677305
Dallas,United States,North America,32.7762719,-96.7968559
Monterrey,Mexico,Lain America,25.6802019,-100.315258
Lahore,Pakistan,Asia,31.5656822,74.3141829
Ho Chi Minh City,Vietnam,Asia,10.7715512,106.6983801
Washington,United States,North America,38.8950368,-77.0365427
Pune,India,Asia,18.521428,73.8544541
Seattle,United States,North America,47.6038321,-122.3300624
Kaunas,Lithuania,Europe,54.8982139,23.9044817
Gothenburg,Sweden,Europe,57.7072326,11.9670171
Baku,Azerbaijan,Asia,40.3754434,49.8326748
Milan,Italy,Europe,45.4641943,9.1896346
Cleveland,United States,North America,41.4996562,-81.6936813
Berlin,Germany,Europe,52.5170365,13.3888599
Denver,United States,North America,39.7392364,-104.9848623
Madison,United States,North America,43.074761,-89.3837613
Brussels,Belgium,Europe,50.8465573,4.351697
Buenos Aires,Argentina,Lain America,-34.6075682,-58.4370894
Beirut,Lebanon,Asia,33.88922645,35.50255852895232
Belfast,United Kingdom,Europe,54.596391,-5.9301829
Lyon,France,Europe,45.7578137,4.8320114
Hamilton,Canada,North America,43.2560802,-79.8728583
Kathmandu,Nepal,Asia,27.708317,85.3205817
Muscat,Oman,Asia,23.61515,58.5912467
Delhi,India,Asia,28.6517178,77.2219388
Madrid,Spain,Europe,40.4167047,-3.7035825
Queretaro,Mexico,Lain America,20.5927744,-100.3902245
Jakarta,Indonesia,Asia,-6.1753942,106.827183
Novi Sad,Serbia,Europe,45.2551338,19.8451756
Mangalore,India,Asia,12.8698101,74.8430082
Zagreb,Croatia,Europe,45.8131847,15.9771774
Vilnius,Lithuania,Europe,54.6870458,25.2829111
Istanbul,Turkey,Asia,41.0091982,28.9662187
Lviv,Ukraine,Europe,49.841952,24.0315921
Salt Lake City,United States,North America,40.7596198,-111.8867975
Athens,Greece,Europe,37.9839412,23.7283052
Tokyo,Japan,Asia,35.6828387,139.7594549
Santiago,Chile,Lain America,-33.4377756,-70.6504502
Nashville,United States,North America,36.1622767,-86.7742984
Poznan,Poland,Europe,52.4006632,16.91973259178088
Baltimore,United States,North America,39.2908816,-76.610759
Astana (Nur-Sultan),Kazakhstan,Asia,51.1282205,71.4306682
Honolulu,United States,North America,21.2890997,-157.717299
Montevideo,Uruguay,Lain America,-34.9058916,-56.1913095
Sarajevo,Bosnia And Herzegovina,Europe,43.8519774,18.3866868
Ahmedabad,India,Asia,23.0216238,72.5797068
Bucharest,Romania,Europe,44.4361414,26.1027202
Yerevan,Armenia,Asia,40.1776245,44.5126174
Warsaw,Poland,Europe,52.2319581,21.0067249
Belo Horizonte,Brazil,Lain America,-19.9227318,-43.9450948
Guadalajara,Mexico,Lain America,20.6720375,-103.338396
Adelaide,Australia,Oceania,-34.9281805,138.5999312
Houston,United States,North America,29.7589382,-95.3676974
Bergen,Norway,Europe,60.3943055,5.3259192
Skopje,North Macedonia,Europe,41.9960924,21.4316495
Tel Aviv-Yafo,Israel,Asia,32.0852997,34.7818064
Hyderabad,India,Asia,17.360589,78.4740613
Amsterdam,Netherlands,Europe,52.3727598,4.8936041
Mumbai,India,Asia,19.0759899,72.8773928
San Diego,United States,North America,32.7174202,-117.1627728
Brisbane,Australia,Oceania,-27.4689682,153.0234991
Sacramento,United States,North America,38.5810606,-121.493895
Buffalo,United States,North America,42.8867166,-78.8783922
San Juan,Puerto Rico,Lain America,18.465299,-66.116666
San Antonio,United States,North America,29.4246002,-98.4951405
Novosibirsk,Russia,Europe,55.0282171,82.9234509
Boise,United States,North America,43.6166163,-116.200886
Coimbatore,India,Asia,11.0018115,76.9628425
Lisbon,Portugal,Europe,38.7077507,-9.1365919
Glasgow,United Kingdom,Europe,55.8609825,-4.2488787
Oklahoma City,United States,North America,35.4729886,-97.5170536
Birmingham,United Kingdom,Europe,52.4796992,-1.9026911
Thiruvananthapuram,India,Asia,8.5241122,76.9360573
Raleigh,United States,North America,35.7803977,-78.6390989
Utrecht,Netherlands,Europe,52.080985600000005,5.12768396945229
Minsk,Belarus,Europe,53.9024716,27.5618225
Anchorage,United States,North America,61.2163129,-149.894852
Cluj-Napoca,Romania,Europe,46.769379,23.5899542
Gdansk,Poland,Europe,54.36119285,18.62860883362069
Halifax,Canada,North America,44.648618,-63.5859487
Cincinnati,United States,North America,39.1014537,-84.5124602
Wroclaw,Poland,Europe,51.1263106,16.97819633051261
Tbilisi,Georgia,Asia,41.6934591,44.8014495
Seoul,South Korea,Asia,37.5666791,126.9782914
Gent,Belgium,Europe,51.0538286,3.7250121
Timisoara,Romania,Europe,45.7538355,21.2257474
Pittsburgh,United States,North America,40.4416941,-79.9900861
Bratislava,Slovakia,Europe,48.1516988,17.1093063
Milwaukee,United States,North America,43.0349931,-87.922497
Vancouver,Canada,North America,49.2608724,-123.113952
Vienna,Austria,Europe,48.2083537,16.3725042
Oakland,United States,North America,37.8044557,-122.2713563
Rio de Janeiro,Brazil,Lain America,-22.9110137,-43.2093727
Mississauga,Canada,North America,43.5896231,-79.6443879
Spokane,United States,North America,47.6571934,-117.4235106
Noida,India,Asia,28.5707841,77.3271074
Singapore,Singapore,Asia,1.357107,103.8194992
Quebec City,Canada,North America,46.8183175,-71.2143518
Ankara,Turkey,Asia,39.9207886,32.8540482
Antwerp,Belgium,Europe,51.2211097,4.3997081
Valencia,Spain,Europe,39.4697065,-0.3763353
Campinas,Brazil,Lain America,-22.90556,-47.06083
Indianapolis,United States,North America,39.7683331,-86.1583502
Brasilia,Brazil,Lain America,-10.3333333,-53.2
Columbus,United States,North America,39.9622601,-83.0007065
Caracas,Venezuela,Lain America,10.506098,-66.9146017
Detroit,United States,North America,42.3315509,-83.0466403
Sydney,Australia,Oceania,-33.8698439,151.2082848
Abu Dhabi,United Arab Emirates,Asia,24.4538352,54.3774014
Hanoi,Vietnam,Asia,21.0294498,105.8544441
Chiang Mai,Thailand,Asia,18.7882778,98.9858802
Colombo,Sri Lanka,Asia,6.9387469,79.8541134
Guatemala City,Guatemala,Lain America,14.6222328,-90.5185188
Auckland,New Zealand,Oceania,-36.852095,174.7631803
London,United Kingdom,Europe,51.5073219,-0.1276474
Victoria,Canada,North America,48.4283182,-123.3649533
Atlanta,United States,North America,33.7489924,-84.3902644
Nairobi,Kenya,Africa,-1.2832533,36.8172449
Philadelphia,United States,North America,39.9527237,-75.1635262
Haifa,Israel,Asia,32.8191218,34.9983856
New York,United States,North America,40.7127281,-74.0060152
Stockholm,Sweden,Europe,59.3251172,18.0710935
Sao Paulo,Brazil,Lain America,-23.5506507,-46.6333824
Mexico City,Mexico,Lain America,19.4326296,-99.1331785
Krakow (Cracow),Poland,Europe,50.047136,19.8896389
Manila,Philippines,Asia,14.5948914,120.9782618
Turin,Italy,Europe,45.0677551,7.6824892
Bristol,United Kingdom,Europe,51.47091115,-2.5790334025708415
Saint Louis,United States,North America,38.6264256,-90.1995853
Cologne,Germany,Europe,50.938361,6.959974
Tampa,United States,North America,27.9477595,-82.458444
Almaty,Kazakhstan,Asia,43.2363924,76.9457275
Shanghai,China,Asia,31.2322758,121.4692071
Doha,Qatar,Asia,25.2856329,51.5264162
Charlotte,United States,North America,35.2272086,-80.8430827
Shenzhen,China,Asia,22.5445741,114.0545429
Durban,South Africa,Africa,-29.861825,31.009909
Taipei,Taiwan,Asia,25.0375198,121.5636796
Curitiba,Brazil,Lain America,-25.4295963,-49.2712724
Cape Town,South Africa,Africa,-33.928992,18.417396
Karachi,Pakistan,Asia,24.8546842,67.0207055
Bogota,Colombia,Lain America,4.6533326,-74.083652
Ljubljana,Slovenia,Europe,46.0500268,14.5069289
Tehran,Iran,Asia,35.6892523,51.3896004
Hong Kong,Hong Kong,Asia,22.2793278,114.1628131
Cork,Ireland,Europe,51.897077,-8.4654674
Quito,Ecuador,Lain America,-0.2201641,-78.5123274
Kuala Lumpur,Malaysia,Asia,3.1516964,101.6942371
Budapest,Hungary,Europe,47.4979937,19.0403594
Cairo,Egypt,Africa,30.0443879,31.2357257
Chicago,United States,North America,41.8755616,-87.6244212
